{"cameraMode":{"drawMode":0,"name":"Shaded","section":"Shading Mode"},"sceneLighting":true,"audioPlay":false,"sceneViewState":{"showFog":true,"showMaterialUpdate":false,"showSkybox":true,"showFlares":true,"showImageEffects":true,"showParticleSystems":true},"in2DMode":false,"pivot":{"x":9.461067199707032,"y":1.712132215499878,"z":-26.025325775146486},"rotation":{"x":-0.015963926911354066,"y":-0.7464269399642944,"z":0.017917726188898088,"w":-0.6650345325469971},"size":39.3400993347168,"orthographic":false}