{"cameraMode":{"drawMode":0,"name":"Shaded","section":"Shading Mode"},"sceneLighting":true,"audioPlay":false,"sceneViewState":{"showFog":true,"showMaterialUpdate":false,"showSkybox":true,"showFlares":true,"showImageEffects":true,"showParticleSystems":true},"in2DMode":false,"pivot":{"x":381.68310546875,"y":375.98956298828127,"z":138.37506103515626},"rotation":{"x":-0.13011275231838227,"y":0.0163591206073761,"z":-0.002146967453882098,"w":-0.9913619160652161},"size":818.9262084960938,"orthographic":false}