{"cameraMode":{"drawMode":0,"name":"Shaded","section":"Shading Mode"},"sceneLighting":true,"audioPlay":false,"sceneViewState":{"showFog":true,"showMaterialUpdate":false,"showSkybox":true,"showFlares":true,"showImageEffects":true,"showParticleSystems":true},"in2DMode":false,"pivot":{"x":1.7999999523162842,"y":5.900000095367432,"z":-18.200000762939454},"rotation":{"x":-0.14949342608451844,"y":-0.05721783638000488,"z":0.008665841072797776,"w":-0.9870678186416626},"size":22.0,"orthographic":false}